{
  "neurons": [
    6,
    8,
    1
  ],
  "weights": [
    0.21305815659878746,
    -0.35264075752185686,
    0.5939247660427522,
    0.7067928953381282,
    0.4186176396060941,
    -0.9499658555332537,
    -0.38052463836934347,
    0.3369917590748117,
    0.5220454099850884,
    0.697263882317829,
    0.6405519936816613,
    -0.3513988593797128,
    0.4847651095635426,
    0.8153188278292363,
    -0.9254497589049344,
    -0.27992588468781143,
    0.863709624098596,
    0.35441282388759054,
    0.19669457803694312,
    0.720715977427492,
    0.42752622424514186,
    -0.001854399938348461,
    -0.05449159398224834,
    0.5527197723088433,
    -0.8522170359965981,
    -0.9964480808666658,
    0.5189048805827681,
    0.3961266136438697,
    -0.9324439834065865,
    0.006349856738401716,
    -0.2987497283923628,
    -0.09755309431946424,
    -0.9858743738760212,
    0.6564752220107182,
    -0.855084472083913,
    0.0582430977341204,
    0.8084009760130071,
    0.10730288707789981,
    -0.16566729540169733,
    0.6052587423987199,
    -0.026523862816332677,
    -0.16269973403818883,
    0.14781415962310662,
    0.5840600012059283,
    -0.1557454576493864,
    0.04393962333212498,
    0.052874668776724754,
    -0.8620955767198213,
    0.5126999232531926,
    0.7961047197471602,
    -0.019039070383450873,
    -0.5539983200133674,
    0.3307351906080438,
    -0.9937737997993539,
    0.5513368659153941,
    -0.2102564244705203
  ]
}